"tconst","start_year","average_rating","num_votes","primary_title","priority","title_type","genres","directors"
"tt0015324",1924,8.1,65521,"Sherlock Jr.",False,"movie","Action - Comedy - Romance","Buster Keaton"
"tt0017925",1926,8.1,106053,"The General",False,"movie","Action - Adventure - Comedy","Buster Keaton - Clyde Bruckman"
"tt0021749",1931,8.5,216100,"City Lights",True,"movie","Comedy - Drama - Romance","Charles Chaplin"
"tt0025316",1934,8.1,119606,"It Happened One Night",False,"movie","Comedy - Romance","Frank Capra"
"tt0031381",1939,8.2,355991,"Gone with the Wind",False,"movie","Drama - Romance - War","Victor Fleming"
"tt0031679",1939,8.1,129300,"Mr. Smith Goes to Washington",True,"movie","Comedy - Drama","Frank Capra"
"tt0032551",1940,8.1,108217,"The Grapes of Wrath",False,"movie","Drama","John Ford"
"tt0032553",1940,8.4,259077,"The Great Dictator",True,"movie","Comedy - Drama - War","Charles Chaplin"
"tt0033467",1941,8.2,493011,"Citizen Kane",False,"movie","Drama - Mystery","Orson Welles"
"tt0034583",1942,8.5,654433,"Casablanca",False,"movie","Drama - Romance - War","Michael Curtiz"
"tt0040522",1948,8.2,192328,"Bicycle Thieves",False,"movie","Drama","Vittorio De Sica"
"tt0041959",1949,8.1,195102,"The Third Man",True,"movie","Drama - Film-Noir - Mystery","Carol Reed"
"tt0042876",1950,8.1,196105,"Rashomon",False,"movie","Crime - Drama - Mystery","Akira Kurosawa"
"tt0044741",1952,8.3,101956,"Ikiru",False,"movie","Drama","Akira Kurosawa"
"tt0046268",1953,8.1,73382,"The Wages of Fear",False,"movie","Adventure - Drama - Thriller","Henri-Georges Clouzot"
"tt0046912",1954,8.1,204322,"Dial M for Murder",False,"movie","Crime - Drama - Mystery","Alfred Hitchcock"
"tt0047396",1954,8.5,568119,"Rear Window",False,"movie","Drama - Mystery - Thriller","Alfred Hitchcock"
"tt0047478",1954,8.6,400964,"Seven Samurai",False,"movie","Action - Drama","Akira Kurosawa"
"tt0048021",1955,8.1,39320,"Rififi",False,"movie","Crime - Drama - Thriller","Jules Dassin"
"tt0050825",1957,8.4,238282,"Paths of Glory",False,"movie","Drama - War","Stanley Kubrick"
"tt0050212",1957,8.1,248323,"The Bridge on the River Kwai",True,"movie","Adventure - Drama - War","David Lean"
"tt0050976",1957,8.1,215773,"The Seventh Seal",False,"movie","Drama - Fantasy","Ingmar Bergman"
"tt0050986",1957,8.1,124352,"Wild Strawberries",False,"movie","Drama - Romance","Ingmar Bergman"
"tt0051201",1957,8.4,161521,"Witness for the Prosecution",False,"movie","Crime - Drama - Mystery","Billy Wilder"
"tt0053125",1959,8.3,369194,"North by Northwest",False,"movie","Adventure - Drama - Mystery","Alfred Hitchcock"
"tt0053198",1959,8.0,134341,"The 400 Blows",False,"movie","Crime - Drama","François Truffaut"
"tt0053604",1960,8.3,218768,"The Apartment",False,"movie","Comedy - Drama - Romance","Billy Wilder"
"tt0055031",1961,8.3,96778,"Judgment at Nuremberg",False,"movie","Drama - History - War","Stanley Kramer"
"tt0055630",1961,8.2,142750,"Yojimbo",False,"movie","Action - Drama - Thriller","Akira Kurosawa"
"tt0056172",1962,8.3,341344,"Lawrence of Arabia",False,"movie","Adventure - Biography - Drama","David Lean"
"tt0056592",1962,8.2,351220,"To Kill a Mockingbird",False,"movie","Crime - Drama","Robert Mulligan"
"tt0057115",1963,8.2,277113,"The Great Escape",False,"movie","Adventure - Drama - Thriller","John Sturges"
"tt0058329",1964,7.1,57563,"Marnie",True,"movie","Crime - Drama - Mystery","Alfred Hitchcock"
"tt0059527",1965,8.2,10444,"The Shop on Main Street",False,"movie","Drama - War","Ján Kadár - Elmar Klos"
"tt0058946",1966,8.1,75472,"The Battle of Algiers",False,"movie","Drama - War","Gillo Pontecorvo"
"tt0060827",1966,8.0,140240,"Persona",False,"movie","Drama - Thriller","Ingmar Bergman"
"tt0065488",1970,7.6,6447,"The Boys in the Band",False,"movie","Drama","William Friedkin"
"tt0065528",1970,7.1,28261,"Catch-22",False,"movie","Comedy - Drama - War","Mike Nichols"
"tt0067277",1971,7.8,19786,"Johnny Got His Gun",True,"movie","Drama - War","Dalton Trumbo"
"tt0067805",1971,6.9,7851,"Sunday Bloody Sunday",False,"movie","Drama","John Schlesinger"
"tt0069947",1973,7.8,52741,"The Day of the Jackal",True,"movie","Crime - Drama - Thriller","Fred Zinnemann"
"tt0069704",1973,7.4,105208,"American Graffiti",False,"movie","Comedy - Drama","George Lucas"
"tt0070379",1973,7.2,127899,"Mean Streets",False,"movie","Crime - Drama - Thriller","Martin Scorsese"
"tt0070735",1973,8.2,299892,"The Sting",False,"movie","Comedy - Crime - Drama","George Roy Hill"
"tt0071615",1973,7.7,52316,"The Holy Mountain",True,"movie","Adventure - Drama - Fantasy","Alejandro Jodorowsky"
"tt0071360",1974,7.7,136613,"The Conversation",True,"movie","Drama - Mystery - Thriller","Francis Ford Coppola"
"tt0071315",1974,8.1,376373,"Chinatown",False,"movie","Drama - Mystery - Thriller","Roman Polanski"
"tt0069945",1974,6.1,30242,"Dark Star",True,"movie","Comedy - Sci-Fi","John Carpenter"
"tt0071411",1975,8.2,36294,"Dersu Uzala",False,"movie","Adventure - Biography - Drama","Akira Kurosawa"
"tt0074958",1976,8.1,186216,"Network",False,"movie","Drama","Sidney Lumet"
"tt0075784",1977,7.4,67498,"A Bridge Too Far",False,"movie","Drama - History - War","Richard Attenborough"
"tt0077416",1978,8.1,386274,"The Deer Hunter",False,"movie","Drama - War","Michael Cimino"
"tt0077523",1978,6.3,32394,"Every Which Way But Loose",False,"movie","Action - Comedy","James Fargo"
"tt0077745",1978,7.4,81185,"Invasion of the Body Snatchers",True,"movie","Horror - Sci-Fi","Philip Kaufman"
"tt0079180",1979,6.4,12349,"The Frisco Kid",False,"movie","Adventure - Comedy - Drama","Robert Aldrich"
"tt0079501",1979,6.8,244422,"Mad Max",True,"movie","Action - Adventure - Sci-Fi","George Miller"
"tt0079944",1979,8.0,156556,"Stalker",True,"movie","Drama - Sci-Fi","Andrei Tarkovsky"
"tt0080745",1980,6.5,66091,"Flash Gordon",False,"movie","Action - Adventure - Sci-Fi","Mike Hodges"
"tt0083987",1982,8.0,247126,"Gandhi",False,"movie","Biography - Drama - History","Richard Attenborough"
"tt0084293",1982,6.9,3208,"Making Love",False,"movie","Drama - Romance","Arthur Hiller"
"tt0084503",1982,8.0,89680,"Pink Floyd: The Wall",False,"movie","Drama - Fantasy - Music","Alan Parker"
"tt0087985",1984,6.3,68598,"Red Dawn",True,"movie","Action - Drama - Thriller","John Milius"
"tt0088247",1984,8.1,1001886,"The Terminator",True,"movie","Action - Adventure - Sci-Fi","James Cameron"
"tt0090329",1985,7.3,113682,"Witness",False,"movie","Crime - Drama - Romance","Peter Weir"
"tt0089881",1985,8.2,151563,"Ran",False,"movie","Action - Drama - War","Akira Kurosawa"
"tt0091251",1985,8.3,122128,"Come and See",True,"movie","Drama - Thriller - War","Elem Klimov"
"tt0091149",1986,7.1,58767,"The Great Mouse Detective",False,"movie","Adventure - Animation - Family","Ron Clements - Burny Mattinson - Dave Michener - John Musker"
"tt0091419",1986,7.1,94479,"Little Shop of Horrors",True,"movie","Comedy - Horror - Musical","Frank Oz"
"tt0092099",1986,7.0,549907,"Top Gun",False,"movie","Action - Drama","Tony Scott"
"tt0090605",1986,8.4,839022,"Aliens",False,"movie","Action - Adventure - Horror","James Cameron"
"tt0094137",1987,6.1,61483,"Three Men and a Baby",False,"movie","Comedy - Drama - Family","Leonard Nimoy"
"tt0093105",1987,7.3,165096,"Good Morning, Vietnam",False,"movie","Biography - Comedy - Drama","Barry Levinson"
"tt0095031",1988,7.4,85990,"Dirty Rotten Scoundrels",False,"movie","Comedy - Crime","Frank Oz"
"tt0095174",1988,6.8,61575,"Frantic",False,"movie","Crime - Drama - Mystery","Roman Polanski"
"tt0096438",1988,7.7,233089,"Who Framed Roger Rabbit",False,"movie","Adventure - Animation - Comedy","Robert Zemeckis"
"tt0096764",1988,7.1,59851,"The Adventures of Baron Munchausen",False,"movie","Adventure - Comedy - Fantasy","Terry Gilliam"
"tt0098546",1989,6.9,34130,"UHF",True,"movie","Comedy - Sci-Fi","Jay Levey"
"tt0097165",1989,8.1,649088,"Dead Poets Society",False,"movie","Comedy - Drama","Peter Weir"
"tt0099242",1989,6.3,2709,"Chattahoochee",False,"movie","Biography - Drama","Mick Jackson"
"tt0100263",1990,7.2,81449,"La Femme Nikita",True,"movie","Action - Crime - Drama","Luc Besson"
"tt0100802",1990,7.5,380439,"Total Recall",True,"movie","Action - Adventure - Sci-Fi","Paul Verhoeven"
"tt0103064",1991,8.6,1280847,"Terminator 2: Judgment Day",False,"movie","Action - Adventure - Sci-Fi","James Cameron"
"tt0101587",1991,6.8,67604,"City Slickers",False,"movie","Comedy - Western","Ron Underwood"
"tt0104070",1992,6.7,150450,"Death Becomes Her",False,"movie","Comedy - Fantasy - Horror","Robert Zemeckis"
"tt0107050",1993,7.0,57450,"Grumpy Old Men",False,"movie","Comedy - Drama - Romance","Donald Petrie"
"tt0106611",1993,7.0,123312,"Cool Runnings",False,"movie","Adventure - Comedy - Family","Jon Turteltaub"
"tt0106977",1993,7.8,345676,"The Fugitive",True,"movie","Action - Crime - Drama","Andrew Davis"
"tt0107144",1993,6.6,103686,"Hot Shots! Part Deux",False,"movie","Action - Comedy","Jim Abrahams"
"tt0107207",1993,8.1,202327,"In the Name of the Father",False,"movie","Biography - Crime - Drama","Jim Sheridan"
"tt0108052",1993,9.0,1581799,"Schindler's List",False,"movie","Biography - Drama - History","Steven Spielberg"
"tt0109506",1994,7.5,230474,"The Crow",True,"movie","Action - Crime - Drama","Alex Proyas"
"tt0112384",1995,7.7,336436,"Apollo 13",False,"movie","Adventure - Drama - History","Ron Howard"
"tt0113243",1995,6.2,81642,"Hackers",False,"movie","Crime - Drama - Romance","Iain Softley"
"tt0113247",1995,8.1,225453,"La haine",False,"movie","Crime - Drama","Mathieu Kassovitz"
"tt0114814",1995,8.5,1236066,"The Usual Suspects",False,"movie","Crime - Drama - Mystery","Bryan Singer"
"tt0116629",1996,7.0,645660,"Independence Day",True,"movie","Action - Adventure - Sci-Fi","Roland Emmerich"
"tt0119116",1997,7.6,543350,"The Fifth Element",True,"movie","Action - Adventure - Sci-Fi","Luc Besson"
"tt0118617",1997,7.2,146646,"Anastasia",False,"movie","Adventure - Animation - Drama","Don Bluth - Gary Goldman"
"tt0119215",1997,5.8,36088,"Good Burger",False,"movie","Comedy - Family","Brian Robbins"
"tt0118929",1998,7.5,225814,"Dark City",True,"movie","Fantasy - Mystery - Sci-Fi","Alex Proyas"
"tt0120586",1998,8.5,1270706,"American History X",False,"movie","Crime - Drama","Tony Kaye"
"tt0120735",1998,8.1,649315,"Lock, Stock and Two Smoking Barrels",False,"movie","Comedy - Crime","Guy Ritchie"
"tt0120891",1999,4.9,173293,"Wild Wild West",True,"movie","Action - Comedy - Sci-Fi","Barry Sonnenfeld"
"tt0165798",1999,7.5,103775,"Ghost Dog: The Way of the Samurai",False,"movie","Crime - Drama","Jim Jarmusch"
"tt0167404",1999,8.2,1141549,"The Sixth Sense",False,"movie","Drama - Mystery - Thriller","M. Night Shyamalan"
"tt0266308",2000,7.5,206850,"Battle Royale",True,"movie","Action - Drama - Thriller","Kinji Fukasaku"
"tt0120917",2000,7.4,248221,"The Emperor's New Groove",True,"movie","Adventure - Animation - Comedy","Mark Dindal"
"tt0177971",2000,6.5,188100,"The Perfect Storm",False,"movie","Action - Adventure - Drama","Wolfgang Petersen"
"tt0180093",2000,8.3,971205,"Requiem for a Dream",False,"movie","Drama","Darren Aronofsky"
"tt0186566",2000,6.5,91075,"Space Cowboys",True,"movie","Action - Adventure - Thriller","Clint Eastwood"
"tt0213847",2000,7.4,124428,"Malena",False,"movie","Drama - Romance - War","Giuseppe Tornatore"
"tt0245712",2000,8.0,272192,"Amores Perros",False,"movie","Drama - Thriller","Alejandro G. Iñárritu"
"tt0247196",2000,7.1,27258,"Before Night Falls",False,"movie","Biography - Drama - Romance","Julian Schnabel"
"tt0172495",2000,8.5,1843565,"Gladiator",False,"movie","Action - Adventure - Drama","Ridley Scott"
"tt0166924",2001,7.9,427132,"Mulholland Drive",True,"movie","Drama - Mystery - Thriller","David Lynch"
"tt0268978",2001,8.2,1051546,"A Beautiful Mind",False,"movie","Biography - Drama - Mystery","Ron Howard"
"tt0211915",2001,8.3,838547,"Amélie",True,"movie","Comedy - Romance","Jean-Pierre Jeunet"
"tt0212985",2001,6.8,313218,"Hannibal",False,"movie","Crime - Drama - Thriller","Ridley Scott"
"tt0133240",2002,7.2,147700,"Treasure Planet",False,"movie","Action - Adventure - Animation","Ron Clements - John Musker"
"tt0181689",2002,7.6,620169,"Minority Report",False,"movie","Action - Crime - Mystery","Steven Spielberg"
"tt0325710",2003,7.8,503830,"The Last Samurai",False,"movie","Action - Drama","Edward Zwick"
"tt0286244",2003,7.7,59387,"The Triplets of Belleville",False,"movie","Adventure - Animation - Comedy","Sylvain Chomet"
"tt0328832",2003,7.3,90955,"The Animatrix",False,"video","Action - Animation - Sci-Fi","Yoshiaki Kawajiri - Peter Chung - Mahiro Maeda - Kôji Morimoto - Shin'ichirô Watanabe - Andrew R. Jones - Takeshi Koike"
"tt0395169",2004,8.1,391480,"Hotel Rwanda",False,"movie","Biography - Drama - History","Terry George"
"tt0362227",2004,7.4,534282,"The Terminal",False,"movie","Comedy - Drama - Romance","Steven Spielberg"
"tt0363163",2004,8.2,399710,"Downfall",False,"movie","Biography - Drama - History","Oliver Hirschbiegel"
"tt0401085",2005,7.8,35159,"C.R.A.Z.Y.",False,"movie","Comedy - Drama","Jean-Marc Vallée"
"tt0476735",2005,8.2,100569,"My Father and My Son",False,"movie","Drama - Family","Çagan Irmak"
"tt0365686",2005,6.3,108485,"Revolver",False,"movie","Action - Crime - Drama","Guy Ritchie"
"tt0348333",2005,6.7,112609,"Waiting...",True,"movie","Comedy","Rob McKittrick"
"tt0388795",2005,7.7,416134,"Brokeback Mountain",False,"movie","Drama - Romance","Ang Lee"
"tt0360486",2005,7.0,406770,"Constantine",True,"movie","Action - Fantasy - Horror","Francis Lawrence"
"tt0457430",2006,8.2,745549,"Pan's Labyrinth",False,"movie","Drama - Fantasy - War","Guillermo del Toro"
"tt0405094",2006,8.4,442456,"The Lives of Others",False,"movie","Drama - Mystery - Thriller","Florian Henckel von Donnersmarck"
"tt0477348",2007,8.2,1185404,"No Country for Old Men",False,"movie","Crime - Drama - Thriller","Ethan Coen - Joel Coen"
"tt1063669",2008,7.6,121536,"The Wave",False,"movie","Drama - Thriller","Dennis Gansel"
"tt1034303",2008,7.1,160982,"Defiance",True,"movie","Action - Drama - History","Edward Zwick"
"tt0780536",2008,7.9,492603,"In Bruges",False,"movie","Comedy - Crime - Drama","Martin McDonagh"
"tt1220719",2008,8.0,243154,"Ip Man",False,"movie","Action - Biography - Drama","Wilson Yip"
"tt1185616",2008,8.0,62584,"Waltz with Bashir",False,"movie","Animation - Biography - Documentary","Ari Folman"
"tt1187043",2009,8.4,480655,"3 Idiots",False,"movie","Comedy - Drama","Rajkumar Hirani"
"tt0176694",2011,8.0,1421,"The Tragedy of Man",False,"movie","Animation - Drama - History","Marcell Jankovics"
"tt1478964",2011,6.6,115494,"Attack the Block",False,"movie","Action - Adventure - Comedy","Joe Cornish"
"tt0409847",2011,6.0,241551,"Cowboys & Aliens",False,"movie","Action - Drama - Sci-Fi","Jon Favreau"
"tt1649419",2012,7.5,262614,"The Impossible",False,"movie","Drama - History - Thriller","J.A. Bayona"
"tt2294473",2012,6.6,7237,"Lesson of the Evil",False,"movie","Horror - Thriller","Takashi Miike"
"tt2409302",2013,7.1,9575,"Why Don't You Play in Hell?",False,"movie","Action - Comedy - Horror","Sion Sono"
"tt0790628",2013,5.9,78222,"The Incredible Burt Wonderstone",True,"movie","Comedy","Don Scardino"
"tt2801746",2013,7.2,6330,"Hawaii",False,"movie","Drama - Romance","Marco Berger"
"tt2278871",2013,7.6,172938,"Blue Is the Warmest Colour",False,"movie","Drama - Romance","Abdellatif Kechiche"
"tt2101473",2013,7.2,44958,"The Physician",False,"movie","Adventure - Drama - History","Philipp Stölzl"
"tt2582802",2014,8.5,1149400,"Whiplash",False,"movie","Drama - Music","Damien Chazelle"
"tt2557490",2014,6.1,209750,"A Million Ways to Die in the West",False,"movie","Comedy - Western","Seth MacFarlane"
"tt3234704",2014,4.2,79,"Daddy's Home",False,"tvMovie","Comedy","Natasha Tash Gray"
"tt3235888",2014,6.8,298027,"It Follows",False,"movie","Horror - Mystery - Thriller","David Robert Mitchell"
"tt3169706",2014,7.8,64983,"Pride",False,"movie","Biography - Comedy - Drama","Matthew Warchus"
"tt3666210",2014,5.9,580,"H.",False,"movie","Drama - Sci-Fi - Thriller","Daniel A. Garcia - Rania Attieh"
"tt2980592",2014,6.7,114038,"The Guest",False,"movie","Action - Mystery - Thriller","Adam Wingard"
"tt2103281",2014,7.6,510615,"Dawn of the Planet of the Apes",False,"movie","Action - Adventure - Drama","Matt Reeves"
"tt3841424",2015,7.8,49138,"Land of Mine",False,"movie","Drama - History - War","Martin Zandvliet"
"tt3170832",2015,8.1,479392,"Room",False,"movie","Drama - Thriller","Lenny Abrahamson"
"tt2400463",2015,6.6,129052,"The Invitation",False,"movie","Drama - Horror - Mystery","Karyn Kusama"
"tt3850214",2015,7.2,91792,"Dope",False,"movie","Adventure - Comedy - Crime","Rick Famuyiwa"
"tt1014763",2015,6.4,79660,"Child 44",False,"movie","Crime - Drama - History","Daniel Espinosa"
"tt3521164",2016,7.6,439289,"Moana",False,"movie","Adventure - Animation - Comedy","Ron Clements - John Musker - Chris Williams - Don Hall"
"tt4016934",2016,8.1,202180,"The Handmaiden",False,"movie","Drama - Romance - Thriller","Park Chan-wook"
"tt2238032",2016,5.6,23829,"Skiptrace",False,"movie","Action - Adventure - Comedy","Renny Harlin"
"tt1628841",2016,5.2,199210,"Independence Day: Resurgence",False,"movie","Action - Adventure - Sci-Fi","Roland Emmerich"
"tt4954522",2016,6.9,96295,"Raw",False,"movie","Drama - Horror","Julia Ducournau"
"tt3014866",2016,6.3,74832,"Criminal",False,"movie","Action - Sci-Fi - Thriller","Ariel Vromen"
"tt3748528",2016,7.8,753470,"Rogue One: A Star Wars Story",False,"movie","Action - Adventure - Sci-Fi","Gareth Edwards"
"tt3381008",2016,6.2,119673,"The Brothers Grimsby",False,"movie","Action - Adventure - Comedy","Louis Leterrier"
"tt3522806",2016,5.8,102837,"Mechanic: Resurrection",False,"movie","Action - Adventure - Thriller","Dennis Gansel"
"tt6595896",2017,6.3,8239,"Pokémon the Movie: I Choose You!",False,"movie","Action - Adventure - Animation","Kunihiko Yuyama"
"tt10071238",2017,5.2,165,"The Foreigner",False,"short","Drama - Short","Taruna Khanagwal"
"tt1293847",2017,5.2,101665,"xXx: Return of Xander Cage",False,"movie","Action - Adventure - Thriller","D.J. Caruso"
"tt1615160",2017,7.0,132190,"The Foreigner",False,"movie","Action - Crime - Thriller","Martin Campbell"
"tt2239822",2017,6.4,209157,"Valerian and the City of a Thousand Planets",False,"movie","Action - Adventure - Animation","Luc Besson"
"tt2396589",2017,7.4,57453,"Mudbound",False,"movie","Drama - War","Dee Rees"
"tt3262342",2017,7.8,67971,"Loving Vincent",False,"movie","Animation - Drama - Mystery","Hugh Welchman - DK Welchman"
"tt3402236",2017,6.5,320574,"Murder on the Orient Express",False,"movie","Comedy - Crime - Drama","Kenneth Branagh"
"tt3450958",2017,7.4,326057,"War for the Planet of the Apes",False,"movie","Action - Adventure - Drama","Matt Reeves"
"tt3521126",2017,7.3,171230,"The Disaster Artist",False,"movie","Biography - Comedy - Drama","James Franco"
"tt3532216",2017,7.1,232211,"American Made",False,"movie","Action - Comedy - Crime","Doug Liman"
"tt3874544",2017,6.3,157565,"The Boss Baby",False,"movie","Adventure - Animation - Comedy","Tom McGrath"
"tt4116284",2017,7.3,192143,"The Lego Batman Movie",False,"movie","Action - Adventure - Animation","Chris McKay"
"tt5013056",2017,7.8,805105,"Dunkirk",True,"movie","Action - Drama - History","Christopher Nolan"
"tt5017936",2017,5.9,7777,"Prodigy",False,"movie","Drama - Sci-Fi - Thriller","Alex Haughey - Brian Vidal"
"tt5027774",2017,8.1,605803,"Three Billboards Outside Ebbing, Missouri",False,"movie","Comedy - Crime - Drama","Martin McDonagh"
"tt5093026",2017,7.2,95450,"Papillon",False,"movie","Adventure - Biography - Crime","Michael Noer"
"tt5584796",2017,7.1,5365,"Tehran Taboo",False,"movie","Animation - Drama","Ali Soozandeh"
"tt5586052",2017,7.2,1876,"The Invisibles",False,"movie","Biography - Documentary - Drama","Claus Räfle"
"tt5635086",2017,7.6,40858,"God's Own Country",False,"movie","Drama - Romance","Francis Lee"
"tt5639354",2017,7.2,28488,"A Fantastic Woman",False,"movie","Drama","Sebastián Lelio"
"tt5742374",2017,6.7,135347,"You Were Never Really Here",False,"movie","Crime - Drama - Thriller","Lynne Ramsay"
"tt5752606",2017,5.9,3741,"Maze",False,"movie","Biography - Crime - Drama","Stephen Burke"
"tt6135348",2017,7.4,17648,"120 BPM (Beats Per Minute)",False,"movie","Drama","Robin Campillo"
"tt6247936",2017,6.4,2194,"Django",False,"movie","Biography - Drama - Music","Etienne Comar"
"tt6848928",2017,7.3,2190,"Junk Head",False,"movie","Action - Adventure - Animation","Takahide Hori"
"tt7189380",2017,8.1,1323,"Double King",False,"short","Animation - Comedy - Fantasy","Felix Colgrave"
"tt7736664",2017,7.4,1825,"Russell Howard: Recalibrate",False,"tvSpecial","Comedy","Peter Orton"
"tt5848272",2018,7.0,204911,"Ralph Breaks the Internet",False,"movie","Adventure - Animation - Comedy","Rich Moore - Phil Johnston"
"tt7476116",2018,6.9,13109,"Sink or Swim",False,"movie","Comedy - Drama - Sport","Gilles Lellouche"
"tt7589524",2018,6.3,15382,"Aniara",False,"movie","Drama - Sci-Fi","Pella Kagerman - Hugo Lilja"
"tt7204348",2018,6.9,12351,"El Angel",False,"movie","Biography - Crime - Drama","Luis Ortega"
"tt8820590",2018,6.8,16860,"T-34",False,"movie","Action - War","Aleksey Sidorov"
"tt8185182",2018,7.1,10683,"Long Day's Journey Into Night",False,"movie","Drama - Mystery - Romance","Bi Gan"
"tt4633694",2018,8.4,785040,"Spider-Man: Into the Spider-Verse",False,"movie","Action - Adventure - Animation","Peter Ramsey - Rodney Rothman - Bob Persichetti"
"tt4357394",2018,5.8,37290,"Tau",False,"movie","Horror - Sci-Fi - Thriller","Federico D'Alessandro"
"tt7279188",2018,7.4,12031,"Woman at War",False,"movie","Adventure - Comedy - Drama","Benedikt Erlingsson"
"tt7298400",2018,7.0,11549,"Ash Is Purest White",False,"movie","Crime - Drama - Romance","Jia Zhang-ke"
"tt6768578",2018,7.2,31609,"Dogman",False,"movie","Crime - Drama - Thriller","Matteo Garrone"
"tt8267604",2018,8.4,123713,"Capernaum",False,"movie","Drama","Nadine Labaki"
"tt5688932",2018,6.9,94081,"Sorry to Bother You",False,"movie","Comedy - Drama - Fantasy","Boots Riley"
"tt6704880",2018,6.5,3048,"Girls of the Sun",False,"movie","Drama - War","Eva Husson"
"tt5566790",2018,6.7,18869,"A Futile and Stupid Gesture",False,"movie","Biography - Comedy","David Wain"
"tt6686358",2018,5.2,775,"Laplace's Witch",False,"movie","Drama - Mystery - Thriller","Takashi Miike"
"tt5397194",2018,6.1,51842,"Anon",False,"movie","Crime - Mystery - Sci-Fi","Andrew Niccol"
"tt6628102",2018,8.0,30612,"The Wild Pear Tree",False,"movie","Drama","Nuri Bilge Ceylan"
"tt6288124",2018,6.8,33167,"Don't Worry, He Won't Get Far on Foot",False,"movie","Biography - Comedy - Drama","Gus Van Sant"
"tt6998518",2018,6.5,98502,"Mandy",False,"movie","Action - Fantasy - Horror","Panos Cosmatos"
"tt8075192",2018,7.9,94900,"Shoplifters",True,"movie","Crime - Drama - Thriller","Hirokazu Koreeda"
"tt3201640",2018,5.8,61964,"Extinction",False,"movie","Action - Drama - Sci-Fi","Ben Young"
"tt7476236",2018,8.0,11056,"Minding the Gap",False,"movie","Documentary - Sport","Bing Liu"
"tt8738964",2018,7.3,7133,"Clergy",False,"movie","Drama","Wojciech Smarzowski"
"tt5164432",2018,7.5,134048,"Love, Simon",False,"movie","Comedy - Drama - Romance","Greg Berlanti"
"tt5153288",2018,6.3,6762,"Backstabbing for Beginners",False,"movie","Drama - History - Mystery","Per Fly"
"tt9647768",2019,6.7,8603,"The Wild Goose Lake",False,"movie","Crime - Drama","Yi'nan Diao"
"tt2762506",2019,7.3,34628,"Bacurau",False,"movie","Action - Adventure - Drama","Kleber Mendonça Filho - Juliano Dornelles"
"tt9358044",2019,7.3,8422,"Hail Satan?",False,"movie","Documentary","Penny Lane"
"tt5294518",2019,5.8,44869,"Eli",False,"movie","Drama - Horror - Mystery","Ciarán Foy"
"tt5865326",2019,6.3,57944,"The Laundromat",False,"movie","Comedy - Crime - Drama","Steven Soderbergh"
"tt8368406",2019,5.9,89922,"Vivarium",False,"movie","Horror - Mystery - Sci-Fi","Lorcan Finnegan"
"tt9071322",2019,7.6,121110,"Dark Waters",False,"movie","Biography - Drama - History","Todd Haynes"
"tt9016974",2019,6.2,46001,"Synchronic",False,"movie","Drama - Horror - Mystery","Aaron Moorhead - Justin Benson"
"tt4364194",2019,7.6,119314,"The Peanut Butter Falcon",False,"movie","Adventure - Comedy - Drama","Michael Schwartz - Tyler Nilson"
"tt3484204",2019,3.7,462,"Norman",False,"movie","Adventure - Sci-Fi - Thriller","Joel Guelzo"
"tt3513498",2019,6.5,84911,"The Lego Movie 2: The Second Part",False,"movie","Adventure - Animation - Comedy","Mike Mitchell"
"tt1302006",2019,7.8,471355,"The Irishman",False,"movie","Biography - Crime - Drama","Martin Scorsese"
"tt4332232",2019,6.5,112387,"Fractured",False,"movie","Drama - Mystery - Thriller","Brad Anderson"
"tt8134742",2019,5.4,20178,"3 from Hell",False,"movie","Action - Horror - Western","Rob Zombie"
"tt8760684",2019,8.1,28713,"Apollo 11",True,"movie","Documentary - History","Todd Douglas Miller"
"tt1025100",2019,5.7,130884,"Gemini Man",False,"movie","Action - Sci-Fi - Thriller","Ang Lee"
"tt9646240",2019,5.8,2804,"The Man Without Gravity",False,"movie","Comedy - Drama - Fantasy","Marco Bonfanti"
"tt10228168",2019,6.7,8768,"First Love",False,"movie","Action - Comedy - Crime","Takashi Miike"
"tt10199640",2019,7.2,13115,"Beanpole",False,"movie","Drama - War","Kantemir Balagov"
"tt0385887",2019,6.8,66071,"Motherless Brooklyn",False,"movie","Crime - Drama - Mystery","Edward Norton"
"tt8367814",2019,7.8,455466,"The Gentlemen",False,"movie","Action - Comedy - Crime","Guy Ritchie"
"tt6857112",2019,6.8,390547,"Us",False,"movie","Horror - Mystery - Thriller","Jordan Peele"
"tt1950186",2019,8.1,568798,"Ford v Ferrari",False,"movie","Action - Biography - Drama","James Mangold"
"tt6977338",2019,6.7,89560,"Good Boys",False,"movie","Adventure - Comedy","Gene Stupnitsky"
"tt7395114",2020,7.1,168809,"The Devil All the Time",False,"movie","Crime - Drama - Thriller","Antonio Campos"
"tt10633456",2020,7.4,124916,"Minari",False,"movie","Drama","Lee Isaac Chung"
"tt7504726",2020,6.7,64073,"The Call of the Wild",False,"movie","Adventure - Drama - Family","Chris Sanders"
"tt8135564",2020,7.1,721,"Here We Are",False,"movie","Drama","Nir Bergman"
"tt5259822",2020,5.1,11429,"Tesla",False,"movie","Biography - Drama","Michael Almereyda"
"tt10618286",2020,6.8,104102,"Mank",True,"movie","Biography - Drama","David Fincher"
"tt8368512",2020,7.2,81553,"The Courier",False,"movie","Drama - History - Mystery","Dominic Cooke"
"tt3152592",2020,5.6,32835,"Scoob!",False,"movie","Adventure - Animation - Comedy","Tony Cervone"
"tt12175526",2020,NULL,NULL,"The Book of Distance",False,"short","Documentary - Short","Randall Okita"
"tt10360862",2020,6.9,7787,"The Man Who Sold His Skin",False,"movie","Drama","Kaouther Ben Hania"
"tt12792418",2020,6.8,10785,"Night in Paradise",False,"movie","Action - Crime - Drama","Park Hoon-jung"
"tt9691136",2020,5.0,34248,"Shadow in the Cloud",False,"movie","Action - Horror - War","Roseanne Liang"
"tt5918982",2020,6.5,53570,"Possessor",False,"movie","Horror - Mystery - Sci-Fi","Brandon Cronenberg"
"tt10612922",2020,7.1,35865,"One Night in Miami...",False,"movie","Drama","Regina King"
"tt1086064",2020,5.9,56573,"Bill & Ted Face the Music",False,"movie","Adventure - Comedy - Music","Dean Parisot"
"tt10260692",2020,5.2,1448,"Faith Based",False,"movie","Comedy","Vincent Masciale"
"tt11680468",2020,7.8,8193,"Great Pretender",True,"tvSeries","Adventure - Animation - Comedy","Hiroshi Kaburagi - Yasuhiro Akamatsu"
"tt7134096",2020,5.4,21334,"The Rhythm Section",False,"movie","Action - Drama - Mystery","Reed Morano"
"tt3794354",2020,6.5,192010,"Sonic the Hedgehog",False,"movie","Action - Adventure - Comedy","Jeff Fowler"
"tt8244784",2020,6.6,152497,"The Hunt",False,"movie","Action - Horror - Thriller","Craig Zobel"
"tt12789558",2021,7.2,117524,"Belfast",False,"movie","Biography - Drama","Kenneth Branagh"
"tt9373688",2021,4.8,6916,"Settlers",False,"movie","Drama - Sci-Fi - Thriller","Wyatt Rockefeller"
"tt10380900",2021,6.6,3599,"Petrov's Flu",False,"movie","Drama - Sci-Fi","Kirill Serebrennikov"
"tt5109280",2021,7.3,187331,"Raya and the Last Dragon",False,"movie","Action - Adventure - Animation","John Ripa - Paul Briggs - Don Hall - Carlos López Estrada"
"tt8368408",2021,6.1,55671,"Gunpowder Milkshake",True,"movie","Action - Crime - Thriller","Navot Papushado"
"tt8456190",2021,5.7,2047,"Seal Team",False,"movie","Action - Animation - Comedy","Kane Croudace - Greig Cameron"
"tt11083552",2021,7.1,237661,"Wrath of Man",False,"movie","Action - Crime - Thriller","Guy Ritchie"
"tt0993840",2021,5.8,200562,"Army of the Dead",False,"movie","Action - Adventure - Crime","Zack Snyder"
"tt15339456",2021,7.6,33727,"Marcel the Shell with Shoes On",False,"movie","Animation - Comedy - Drama","Dean Fleischer Camp"
"tt14315584",2021,6.8,5021,"Operation Hyacinth",False,"movie","Crime - Drama - Thriller","Piotr Domalewski"
"tt7144666",2021,6.9,262347,"The Black Phone",False,"movie","Horror - Mystery - Thriller","Scott Derrickson"
"tt10872600",2021,8.1,1015075,"Spider-Man: No Way Home",False,"movie","Action - Adventure - Fantasy","Jon Watts"
"tt10687506",2021,6.8,23758,"The Electrical Life of Louis Wain",True,"movie","Biography - Drama - History","Will Sharpe"
"tt1361336",2021,5.3,43130,"Tom & Jerry",False,"movie","Adventure - Animation - Comedy","Tim Story"
"tt6372694",2021,4.2,15692,"Prisoners of the Ghostland",False,"movie","Fantasy - Horror - Thriller","Sion Sono"
"tt26748538",2022,5.1,1448,"Mind Body Spirit",False,"movie","Horror","Matthew Merenda - Alex Henes"
"tt13314558",2022,6.1,98931,"Day Shift",False,"movie","Action - Comedy - Fantasy","J.J. Perry"
"tt12003946",2022,6.7,121073,"Violent Night",False,"movie","Action - Comedy - Thriller","Tommy Wirkola"
"tt7405458",2022,7.5,209749,"A Man Called Otto",False,"movie","Comedy - Drama","Marc Forster"
"tt9320184",2022,7.1,1271,"Blind Willow, Sleeping Woman",False,"movie","Animation - Drama - Sci-Fi","Pierre Földes"
"tt13849558",2022,6.1,6935,"Corner Office",True,"movie","Comedy - Drama - Mystery","Joachim Back"
"tt20225374",2022,6.0,27025,"Vesper",False,"movie","Adventure - Drama - Sci-Fi","Bruno Samper - Kristina Buozyte"
"tt15318872",2022,7.1,79314,"Werewolf by Night",False,"tvMovie","Action - Drama - Fantasy","Michael Giacchino"
"tt11985484",2022,6.3,74,"Killer of Men",False,"movie","Thriller","Tzvi"
"tt12477480",2022,7.3,68638,"Decision to Leave",False,"movie","Crime - Drama - Mystery","Park Chan-wook"
"tt16118722",2022,8.0,5319,"Tony Hawk: Until the Wheels Fall Off",False,"movie","Biography - Documentary - Sport","Sam Jones"
"tt19623228",2022,7.1,9609,"Godland",False,"movie","Drama","Hlynur Pálmason"
"tt13320662",2022,6.7,35934,"Slumberland",False,"movie","Adventure - Comedy - Drama","Francis Lawrence"
"tt12724306",2022,5.6,8653,"Glorious",False,"movie","Horror - Mystery - Thriller","Rebekah McKendry"
"tt7693316",2022,6.6,32611,"Devotion",False,"movie","Action - Biography - Drama","J.D. Dillard"
"tt9737876",2022,6.6,20749,"Narvik: Hitler's First Defeat",False,"movie","Drama - History - War","Erik Skjoldbjærg"
"tt7775720",2022,7.4,9491,"Spoiler Alert",False,"movie","Comedy - Drama - Romance","Michael Showalter"
"tt7947604",2022,6.7,9124,"In from the Side",False,"movie","Drama - Romance - Sport","Matt Carter"
"tt18335752",2022,8.3,101288,"1923",False,"tvSeries","Drama - Western","Guy Ferland - Ben Richardson"
"tt18298588",2022,5.8,6885,"Monolith",False,"movie","Drama - Horror - Mystery","Matt Vesely"
"tt1649418",2022,6.5,271743,"The Gray Man",False,"movie","Action - Mystery - Thriller","Anthony Russo - Joe Russo"
"tt14402146",2022,6.7,27249,"Empire of Light",True,"movie","Drama - Romance","Sam Mendes"
"tt13055982",2022,4.8,4044,"Savage Salvation",False,"movie","Action - Thriller","Randall Emmett"
"tt10648342",2022,6.1,459016,"Thor: Love and Thunder",False,"movie","Action - Adventure - Comedy","Taika Waititi"
"tt13320622",2022,6.1,176163,"The Lost City",False,"movie","Action - Adventure - Comedy","Adam Nee - Aaron Nee"
"tt10483152",2022,6.9,3097,"Unicorn Wars",True,"movie","Action - Animation - Comedy","Alberto Vázquez"
"tt3915174",2022,7.8,223594,"Puss in Boots: The Last Wish",True,"movie","Action - Adventure - Animation","Januel Mercado - Joel Crawford"
"tt10298840",2022,5.7,50540,"Strange World",False,"movie","Action - Adventure - Animation","Don Hall - Qui Nguyen"
"tt4925252",2022,5.1,418,"Daniel's Gotta Die",False,"movie","Comedy","Jeremy LaLonde"
"tt14866710",2022,4.8,2770,"Blasted",False,"movie","Action - Comedy - Sci-Fi","Martin Sofiedal"
"tt13822738",2022,5.8,9626,"The Takedown",False,"movie","Action - Comedy - Crime","Louis Leterrier"
"tt14668630",2022,6.1,18011,"Lyle, Lyle, Crocodile",False,"movie","Adventure - Comedy - Family","Josh Gordon - Will Speck"
"tt17076046",2022,6.8,48586,"Weird: The Al Yankovic Story",False,"movie","Action - Biography - Comedy","Eric Appel"
"tt9731598",2022,6.3,39390,"Bros",False,"movie","Comedy - Romance","Nicholas Stoller"
"tt5533370",2022,5.5,17362,"Lamborghini: The Man Behind the Legend",True,"movie","Biography - Drama - Sport","Bobby Moresco"
"tt21237030",2022,5.1,10788,"Carter",False,"movie","Action - Thriller","Jung Byung-gil"
"tt10999120",2022,6.6,59509,"Spirited",True,"movie","Comedy - Family - Fantasy","Sean Anders"
"tt11000902",2022,7.7,47406,"Our Flag Means Death",False,"tvSeries","Action - Adventure - Biography","Taika Waititi - Bertie Ellwood - Nacho Vigalondo - David Jenkins - Amber Templemore - Andrew DeYoung - Fernando Frias"
"tt15471560",2022,6.4,6426,"Smoking Causes Coughing",True,"movie","Comedy - Horror - Sci-Fi","Quentin Dupieux"
"tt20873160",2022,7.9,1093,"Aurora's Sunrise",False,"movie","Animation - Documentary - War","Inna Sahakyan"
"tt13429870",2023,7.6,24590,"Robot Dreams",False,"movie","Animation - Comedy - Drama","Pablo Berger"
"tt13655120",2023,5.3,14720,"I.S.S.",True,"movie","Sci-Fi - Thriller","Gabriela Cowperthwaite"
"tt13923084",2023,6.4,40197,"Boy Kills World",True,"movie","Action - Adventure - Comedy","Moritz Mohr"
"tt14030816",2023,5.4,15529,"Baghead",False,"movie","Horror - Mystery - Thriller","Alberto Corredor"
"tt14099796",2023,6.2,1808,"The Goldfinger",False,"movie","Action - Crime - Drama","Felix Chong"
"tt14308636",2023,7.1,16929,"Bank of Dave",False,"movie","Biography - Comedy - Drama","Chris Foggin"
"tt14379088",2023,6.1,3850,"Shin Kamen Rider",True,"movie","Action - Adventure - Drama","Hideaki Anno"
"tt14509110",2023,6.2,78999,"No One Will Save You",True,"movie","Horror - Mystery - Sci-Fi","Brian Duffield"
"tt11358390",2023,6.4,119384,"Renfield",False,"movie","Action - Comedy - Fantasy","Chris McKay"
"tt14998742",2023,5.6,140284,"Rebel Moon - Part One: A Child of Fire",True,"movie","Action - Adventure - Drama","Zack Snyder"
"tt15320362",2023,7.5,53052,"All the Light We Cannot See",True,"tvMiniSeries","Drama - History - War","Shawn Levy"
"tt15352516",2023,6.4,4819,"Merry Little Batman",False,"movie","Animation - Comedy - Family","Mike Roth"
"tt15799866",2023,5.3,27973,"Silent Night",False,"movie","Action - Crime - Drama","John Woo"
"tt16257866",2023,4.4,21,"Mob Humor",False,"movie","","Antoine Fountain - Dennyann Giambrone - Devin 'Don Cito' Meadows"
"tt16277242",2023,7.8,173228,"Society of the Snow",False,"movie","Adventure - Biography - Drama","J.A. Bayona"
"tt11210390",2023,5.1,13496,"Asterix & Obelix: The Middle Kingdom",False,"movie","Adventure - Comedy - Family","Guillaume Canet - Khaled Haffad"
"tt16300962",2023,6.9,60787,"When Evil Lurks",False,"movie","Horror","Demián Rugna"
"tt1633359",2023,5.9,17625,"The Toxic Avenger",False,"movie","Action - Comedy - Horror","Macon Blair"
"tt16431966",2023,6.6,7885,"Sometimes I Think About Dying",False,"movie","Comedy - Drama - Romance","Rachel Lambert"
"tt16606592",2023,6.7,11843,"The Animal Kingdom",False,"movie","Adventure - Drama - Fantasy","Thomas Cailley"
"tt16968450",2023,7.4,88067,"The Wonderful Story of Henry Sugar",False,"short","Adventure - Comedy - Drama","Wes Anderson"
"tt17220216",2023,7.0,58439,"Monarch: Legacy of Monsters",False,"tvSeries","Action - Adventure - Sci-Fi","Mairzee Almas - Andy Goddard - Julian Holmes - Jeff King - Matt Shakman - Lawrence Trilling - Gandja Monteiro - Hiromi Kamata"
"tt17569526",2023,5.1,2991,"Acid",False,"movie","Drama - Sci-Fi","Just Philippot"
"tt18257464",2023,6.6,12907,"Polite Society",False,"movie","Action - Comedy","Nida Manzoor"
"tt19500164",2023,7.5,61764,"Nimona",True,"movie","Action - Adventure - Animation","Troy Quane - Nick Bruno"
"tt20114686",2023,7.3,8562,"Femme",False,"movie","Drama - Thriller","Sam H. Freeman - Ng Choon Ping"
"tt20115766",2023,7.0,30355,"Knox Goes Away",False,"movie","Crime - Thriller","Michael Keaton"
"tt20330434",2023,6.5,7318,"The Crime Is Mine",False,"movie","Comedy - Crime - Mystery","François Ozon"
"tt20420628",2023,6.1,7988,"Freud's Last Session",False,"movie","Drama","Matt Brown"
"tt20916568",2023,6.2,20651,"The Wrath of Becky",False,"movie","Action - Comedy - Thriller","Matt Angel - Suzanne Coote"
"tt21284442",2023,6.1,1553,"Late Bloomers",False,"movie","Comedy - Drama","Lisa Steen"
"tt21335356",2023,6.0,12032,"Please Don't Destroy: The Treasure of Foggy Mountain",False,"movie","Action - Adventure - Comedy","Paul Briganti"
"tt21810682",2023,5.8,9247,"The End We Start From",False,"movie","Drama - Thriller","Mahalia Belo"
"tt21942866",2023,6.8,93397,"Dream Scenario",True,"movie","Comedy - Drama - Fantasy","Kristoffer Borgli"
"tt22688572",2023,4.3,3943,"Boudica: Queen of War",False,"movie","Action - Drama - History","Jesse V. Johnson"
"tt10767052",2023,6.5,31078,"Next Goal Wins",False,"movie","Comedy - Drama - Sport","Taika Waititi"
"tt23181388",2023,8.1,7821,"Life on Our Planet",True,"tvMiniSeries","Documentary","Adam Chapman - Nick Shoolingin-Jordan - Barny Revill - Sophie Lanfear - Gisle Sverdrup"
"tt23289160",2023,7.6,202581,"Godzilla Minus One",False,"movie","Action - Adventure - Drama","Takashi Yamazaki"
"tt23329452",2023,7.3,179,"Starring Jerry as Himself",False,"movie","Biography - Crime - Documentary","Law Chen"
"tt24082438",2023,8.6,43810,"20 Days in Mariupol",True,"movie","Documentary - War","Mstyslav Chernov"
"tt24083908",2023,5.3,1525,"The Black Book",False,"movie","Thriller","Editi Effiong"
"tt24216998",2023,7.0,11809,"Humanist Vampire Seeking Consenting Suicidal Person",False,"movie","Comedy - Drama - Fantasy","Ariane Louis-Seize"
"tt25289836",2023,5.3,4611,"Good Burger 2",False,"movie","Comedy - Family","Phil Traill"
"tt25434854",2023,6.8,2788,"Deep Sea",False,"movie","Adventure - Animation - Drama","Xiaopeng Tian"
"tt26256406",2023,6.3,854,"Banel & Adama",False,"movie","Drama","Ramata-Toulaye Sy"
"tt27590147",2023,6.6,4297,"Only the River Flows",False,"movie","Crime - Drama - Mystery","Wei Shujun"
"tt27695005",2023,6.8,3239,"River",True,"movie","Comedy - Fantasy - Sci-Fi","Junta Yamaguchi"
"tt27989255",2023,5.6,1116,"The Last Spark of Hope",False,"movie","Drama - Sci-Fi","Piotr Biedron"
"tt28085416",2023,6.8,80,"Invaders from Proxima B",False,"movie","Comedy - Family","Ward Roberts"
"tt28309395",2023,4.3,561,"Bad CGI Gator",False,"movie","Comedy - Horror","Danny Draven"
"tt10461442",2023,4.2,298,"Dick Dynamite 1944",True,"movie","Action - Comedy - Horror","Robbie Davidson"
"tt10370812",2023,6.9,6780,"The Settlers",False,"movie","Crime - Drama - History","Felipe Gálvez Haberle"
"tt8589698",2023,7.2,77822,"Teenage Mutant Ninja Turtles: Mutant Mayhem",False,"movie","Action - Adventure - Animation","Kyler Spears - Jeff Rowe"
"tt3758542",2023,6.4,67291,"Ferrari",False,"movie","Biography - Drama - History","Michael Mann"
"tt4589218",2023,5.4,137541,"Five Nights at Freddy's",False,"movie","Horror - Mystery - Thriller","Emma Tammi"
"tt5761544",2023,6.1,46570,"Kandahar",False,"movie","Action - Drama - Thriller","Ric Roman Waugh"
"tt6495056",2023,6.6,46536,"Migration",False,"movie","Adventure - Animation - Comedy","Benjamin Renner"
"tt6722400",2023,6.0,28406,"Fast Charlie",False,"movie","Action - Crime - Drama","Phillip Noyce"
"tt6791350",2023,7.9,468817,"Guardians of the Galaxy Vol. 3",False,"movie","Action - Adventure - Comedy","James Gunn"
"tt9755806",2023,5.0,471,"Big Shark",False,"movie","Adventure - Comedy - Horror","Tommy Wiseau"
"tt9873892",2023,6.7,47810,"They Cloned Tyrone",False,"movie","Comedy - Mystery - Sci-Fi","Juel Taylor"
"tt7985704",2023,6.3,110468,"Operation Fortune: Ruse de Guerre",False,"movie","Action - Adventure - Comedy","Guy Ritchie"
"tt11908172",2023,5.5,9928,"The Kill Room",False,"movie","Comedy - Thriller","Nicol Paone"
"tt1136617",2023,6.7,222727,"The Killer",True,"movie","Action - Adventure - Crime","David Fincher"
"tt12404266",2023,6.8,4377,"The Last Rifleman",False,"movie","Biography - Drama - War","Terry Loane"
"tt8209702",2023,6.5,7612,"Sleep",False,"movie","Horror - Mystery - Thriller","Jason Yu"
"tt13055264",2023,6.2,13592,"Strange Way of Life",False,"short","Drama - Short - Western","Pedro Almodóvar"
"tt13097932",2023,7.5,39981,"One Life",False,"movie","Biography - Drama - History","James Hawes"
"tt13231544",2023,7.7,19423,"About Dry Grasses",False,"movie","Drama","Nuri Bilge Ceylan"
"tt32627540",2024,7.1,8314,"Watchmen: Chapter I",False,"movie","Action - Animation - Drama","Brandon Vietti"
"tt32368033",2024,4.6,369,"Bangkok Dog",False,"movie","Action - Crime - Thriller","Chaya Supannarat"
"tt31711040",2024,7.8,21703,"Look Back",True,"movie","Animation - Drama","Kiyotaka Oshiyama"
"tt10399902",2024,7.9,22365,"Boy Swallows Universe",False,"tvMiniSeries","Crime - Drama - Mystery","Jocelyn Moorhouse - Bharat Nalluri - Kim Mordaunt"
"tt12616480",2024,5.7,12086,"Slingshot",True,"movie","Mystery - Sci-Fi - Thriller","Mikael Håfström"
"tt2640044",2024,7.8,69956,"Masters of the Air",True,"tvMiniSeries","Action - Drama - History","Ryan Fleck - Timothy Van Patten - Anna Boden - Cary Joji Fukunaga - Dee Rees"
"tt6300910",2024,5.5,6582,"The Unholy Trinity",False,"movie","Action - Adventure - Crime","Richard Gray"
"tt10625492",2024,7.2,10969,"Twilight of the Gods",False,"tvSeries","Action - Adventure - Animation","David Hartman - Jay Oliva - Zack Snyder - Andrew Tamandl - Tim Divar"
"tt15009428",2024,5.6,99772,"Argylle",True,"movie","Action - Comedy - Thriller","Matthew Vaughn"
"tt24176060",2024,6.3,29604,"Queer",True,"movie","Biography - Drama - History","Luca Guadagnino"
"tt2396431",2024,5.4,22116,"Dear Santa",True,"movie","Comedy - Fantasy","Bobby Farrelly"
"tt14824600",2024,6.3,39727,"The Lord of the Rings: The War of the Rohirrim",False,"movie","Action - Adventure - Animation","Kenji Kamiyama"
"tt23558280",2024,5.6,30541,"Elevation",False,"movie","Action - Horror - Mystery","George Nolfi"
"tt23468450",2024,6.5,222582,"Longlegs",False,"movie","Crime - Horror - Mystery","Osgood Perkins"
"tt22408160",2024,6.4,71242,"Kinds of Kindness",False,"movie","Comedy - Drama - Horror","Yorgos Lanthimos"
"tt22399738",2024,5.5,1982,"Sweet Dreams",False,"movie","Comedy - Drama - Sport","Lije Sarki"
"tt21962590",2024,6.5,3057,"Joko Anwar's Nightmares and Daydreams",False,"tvSeries","Drama - Horror - Mystery","Joko Anwar - Randolph Zaini - Ray Farandy Pakpahan - Tommy Dewo"
"tt21434318",2024,5.6,4933,"The Underdoggs",False,"movie","Comedy - Sport","Charles Stone III"
"tt7171442",2024,6.4,1587,"Escape from the 21st Century",True,"movie","Action - Adventure - Drama","Yang Li"
"tt21265054",2024,4.7,862,"Invasion",False,"movie","Action - Thriller - War","Bobby Boermans"
"tt21247132",2024,5.8,1306,"Meanwhile on Earth",True,"movie","Adventure - Drama - Sci-Fi","Jérémy Clapin"
"tt21188080",2024,6.1,32083,"Lisa Frankenstein",True,"movie","Comedy - Horror - Romance","Zelda Williams"
"tt2049403",2024,6.6,173254,"Beetlejuice Beetlejuice",False,"movie","Comedy - Fantasy - Horror","Tim Burton"
"tt20258220",2024,3.7,6672,"Angels Fallen: Warriors of Peace",False,"movie","Action - Adventure - Fantasy","Ali Zamani"
"tt20112600",2024,5.8,6022,"Race for Glory: Audi vs. Lancia",True,"movie","Biography - Drama - Sport","Stefano Mordini"
"tt19734104",2024,6.8,6095,"Exploding Kittens",False,"tvSeries","Animation - Comedy","Eddie Rosas - Joel Moser - Scott Bern - Traci Honda"
"tt19637052",2024,6.6,63784,"Love Lies Bleeding",False,"movie","Crime - Drama - Mystery","Rose Glass"
"tt19395018",2024,6.7,21911,"Constellation",True,"tvSeries","Sci-Fi - Thriller","Joseph Cedar - Oliver Hirschbiegel - Michelle MacLaren"
"tt14539740",2024,6.0,134268,"Godzilla x Kong: The New Empire",False,"movie","Action - Adventure - Fantasy","Adam Wingard"
"tt19356262",2024,5.4,28269,"Drive-Away Dolls",True,"movie","Action - Comedy - Thriller","Ethan Coen"
"tt7884368",2024,5.3,2339,"Destroy All Neighbors",False,"movie","Comedy - Horror","Josh Forbes"
"tt19231492",2024,7.6,73552,"Dark Matter",False,"tvSeries","Drama - Sci-Fi - Thriller","Alik Sakharov - Roxann Dawson - Gwyneth Horder-Payton - Guillermo Navarro - Charlotte Sieling - Jakob Verbruggen - Amit Gupta - Nick Murphy - Celine Held - Logan George"
"tt17632862",2024,7.5,29832,"The Brothers Sun",False,"tvSeries","Action - Comedy - Drama","Viet Nguyen - Kevin Tancharoen"
"tt17044106",2024,5.5,39,"Teacher's Pet",False,"movie","Animation","Gary Baseman - Alana Avallone"
"tt16418808",2024,7.4,42777,"Sugar",False,"tvSeries","Action - Crime - Drama","Adam Arkin - Fernando Meirelles"
"tt11821912",2024,6.0,23433,"Devara Part 1",True,"movie","Action - Adventure - Drama","Koratala Siva"
"tt16274700",2024,4.2,31,"The Greatest Surf Movie in the Universe",True,"movie","Animation - Comedy","Vaughan Blakey - Nick Pollet"
"tt14415204",2024,5.4,18846,"Never Let Go",False,"movie","Horror - Mystery - Thriller","Alexandre Aja"
"tt12276028",2024,4.8,1712,"Krazy House",True,"movie","Comedy - Horror","Steffen Haars - Flip Van der Kuil"
"tt12349832",2024,5.7,33824,"Cuckoo",False,"movie","Horror - Mystery - Thriller","Tilman Singer"
"tt15314262",2024,6.3,179027,"The Beekeeper",False,"movie","Action - Crime - Thriller","David Ayer"
"tt4978420",2024,4.7,57635,"Borderlands",True,"movie","Action - Adventure - Comedy","Eli Roth"
"tt31021863",2024,6.5,712,"Boys Go to Jupiter",True,"movie","Animation - Comedy - Drama","Julian Glander"
"tt9214772",2024,6.8,99558,"Monkey Man",False,"movie","Action - Crime - Thriller","Dev Patel"
"tt28349451",2024,6.5,11038,"The Shadow Strays",True,"movie","Action - Crime - Thriller","Timo Tjahjanto"
"tt28279848",2024,6.2,2691,"Suicide Squad Isekai",False,"tvSeries","Action - Adventure - Animation","Eri Osada"
"tt28015403",2024,7.0,223319,"Heretic",True,"movie","Horror - Thriller","Scott Beck - Bryan Woods"
"tt17489650",2025,4.6,16672,"Ash",False,"movie","Action - Adventure - Horror","Flying Lotus"
"tt33508491",2025,7.2,7225,"The Singers",False,"short","Comedy - Drama - Music","Sam A. Davis"
"tt0899043",2025,6.5,96467,"The Amateur",False,"movie","Action - Thriller","James Hawes"
"tt28443655",2025,5.8,52192,"Death of a Unicorn",True,"movie","Comedy - Fantasy - Horror","Alex Scharfman"
"tt8785038",2025,5.2,5177,"Fixed",False,"movie","Adventure - Animation - Comedy","Genndy Tartakovsky"
"tt33504750",2025,5.1,937,"Killing Mary Sue",False,"movie","Action - Comedy - Thriller","James Sunshine"
"tt14364480",2025,7.3,231416,"Wake Up Dead Man",False,"movie","Comedy - Crime - Drama","Rian Johnson"
"tt13654226",2025,6.7,168815,"The Gorge",False,"movie","Action - Adventure - Horror","Scott Derrickson"
"tt33244668",2025,5.6,54221,"Anaconda",False,"movie","Action - Adventure - Comedy","Tom Gormican"
"tt20969586",2025,7.1,274153,"Thunderbolts*",True,"movie","Action - Adventure - Crime","Jake Schreier"
"tt1341338",2025,7.0,35931,"Good Luck, Have Fun, Don't Die",False,"movie","Action - Adventure - Comedy","Gore Verbinski"
"tt27740241",2025,7.3,36045,"The Eternaut",False,"tvSeries","Action - Adventure - Drama","Bruno Stagnaro"
"tt27629220",2025,5.1,1646,"Xeno",True,"movie","Adventure - Drama - Mystery","Matthew Loren Oates"
"tt27543578",2025,6.5,41532,"Good Fortune",True,"movie","Comedy - Fantasy - Romance","Aziz Ansari"
"tt15799524",2025,6.9,6882,"The History of Sound",False,"movie","Drama - History - Music","Oliver Hermanus"
"tt36148135",2025,6.8,658,"All You Need Is Kill",True,"movie","Action - Animation - Sci-Fi","Yukinori Nakamura - Ken'ichirô Akimoto"
"tt26304178",2025,5.0,4122,"O'Dessa",True,"movie","Drama - Music - Musical","Geremy Jasper"
"tt10278542",2025,4.2,719,"Site",False,"movie","Drama - Horror - Sci-Fi","Jason Eric Perlman"
"tt7766378",2025,5.9,84093,"The Electric State",False,"movie","Action - Adventure - Comedy","Anthony Russo - Joe Russo"
"tt35168834",2025,5.2,1225,"Paradise Records",True,"movie","Action - Comedy - Music","Logic"
"tt2467700",2025,NULL,NULL,"Animal Farm",True,"movie","Adventure - Animation - Comedy","Andy Serkis"
"tt3402138",2025,6.3,124035,"The Naked Gun",True,"movie","Action - Comedy - Crime","Akiva Schaffer"
"tt32986431",2025,5.3,1614,"Queens of the Dead",False,"movie","Comedy - Horror","Tina Romero"
"tt30645201",2025,5.2,25089,"Honey Don't!",False,"movie","Comedy - Crime - Mystery","Ethan Coen"
"tt14883538",2025,7.3,6047,"Arco",False,"movie","Adventure - Animation - Fantasy","Ugo Bienvenu"
"tt23649128",2025,8.1,63558,"The Studio",True,"tvSeries","Comedy - Drama","Seth Rogen - Evan Goldberg"
"tt14123284",2025,5.6,68601,"Havoc",False,"movie","Action - Crime - Drama","Gareth Evans"
"tt31036941",2025,5.8,193669,"Jurassic World: Rebirth",False,"movie","Action - Adventure - Sci-Fi","Gareth Edwards"
"tt12042730",2026,8.4,195948,"Project Hail Mary",False,"movie","Adventure - Comedy - Sci-Fi","Phil Lord - Christopher Miller"
"tt30460310",2026,NULL,NULL,"Spider-Noir",False,"tvSeries","Action - Adventure - Crime","Harry Bradbeer"
"tt5033276",2026,NULL,NULL,"Photograph 51",False,"movie","Drama","Tom Hooper"
"tt26443616",2026,7.5,32683,"Hoppers",False,"movie","Adventure - Animation - Comedy","Daniel Chong"
"tt23724682",2026,4.6,3445,"Outcome",False,"movie","Comedy - Crime - Drama","Jonah Hill"
"tt33764258",2026,NULL,NULL,"The Odyssey",False,"movie","Action - Adventure - Fantasy","Christopher Nolan"
"tt32565993",2026,NULL,NULL,"The Sheep Detectives",True,"movie","Action - Comedy - Mystery","Kyle Balda"
"tt15940132",2026,6.3,85248,"War Machine",False,"movie","Action - Sci-Fi - Thriller","Patrick Hughes"
"tt31450459",2026,NULL,NULL,"Digger",False,"movie","Comedy - Drama","Alejandro G. Iñárritu"
"tt15843316",NULL,NULL,NULL,"The Incal",False,"movie","Adventure - Comedy - Crime","Taika Waititi"
